City_ID,City,Lat,Lng,Max Temp,Humidity,Cloudiness,Wind Speed,Country,Date
0,keflavik,64.0049,-22.5624,277.39,75,75,15.95,IS,1702647571
1,bredasdorp,-34.5322,20.0403,295.82,49,10,6.82,ZA,1702647571
2,albany,42.6001,-73.9662,278.47,75,11,3.0,US,1702647572
3,saipan,15.1355,145.701,300.54,83,75,6.69,MP,1702647573
4,college,64.8569,-147.8028,241.12,71,75,0.0,US,1702647574
5,udachny,66.4167,112.4,241.73,74,97,2.24,RU,1702647575
6,banjarmasin,-3.3244,114.591,300.23,88,99,0.58,ID,1702647576
7,danville,36.586,-79.395,270.36,80,0,2.06,US,1702647314
8,nikolayevsk-on-amure,53.1406,140.73,250.04,76,11,6.02,RU,1702647578
9,port elizabeth,-33.918,25.5701,295.31,66,40,5.66,ZA,1702647579
10,lodwar,3.1191,35.5973,307.83,29,59,9.57,KE,1702647580
11,port-aux-francais,-49.35,70.2167,279.47,93,100,12.32,TF,1702647580
12,petropavlovsk-kamchatsky,53.0452,158.6483,267.48,73,20,12.07,RU,1702647581
13,grytviken,-54.2811,-36.5092,277.68,68,100,3.28,GS,1702647582
14,jamestown,42.097,-79.2353,277.92,82,0,3.6,US,1702647453
15,howard springs,-12.497,131.047,302.1,93,100,2.45,AU,1702647584
16,kapuskasing,49.4169,-82.4331,274.2,80,75,5.14,CA,1702647528
17,edinburgh of the seven seas,-37.0676,-12.3116,287.82,84,100,7.91,SH,1702647585
18,yellowknife,62.456,-114.3525,259.49,94,100,6.71,CA,1702647586
19,alto araguaia,-17.3147,-53.2153,308.87,27,100,4.5,BR,1702647587
20,ribeira grande,38.5167,-28.7,292.37,94,75,7.2,PT,1702647587
21,iqaluit,63.7506,-68.5145,261.0,67,100,7.72,CA,1702647588
22,sechura,-5.5569,-80.8222,295.57,73,90,4.59,PE,1702647589
23,kulhudhuffushi,6.6221,73.07,299.28,81,100,1.69,MV,1702647589
24,zouerate,22.7187,-12.4521,299.76,9,0,7.01,MR,1702647590
25,queenstown,-31.8976,26.8753,295.19,47,51,9.68,ZA,1702647591
26,mongo,12.1844,18.693,305.66,12,100,2.29,TD,1702647592
27,hithadhoo,-0.6,73.0833,301.83,70,98,2.61,MV,1702647592
28,bilibino,68.0546,166.4372,245.65,87,3,3.42,RU,1702647593
29,ilulissat,69.2167,-51.1,260.16,52,75,7.2,GL,1702647594
30,anadyr,64.75,177.4833,263.43,79,40,15.0,RU,1702647594
31,novyy urengoy,66.0833,76.6333,243.28,100,77,2.42,RU,1702647595
32,blackmans bay,-43.0167,147.3167,286.22,84,63,2.86,AU,1702647595
33,geraldton,-28.7667,114.6,295.38,73,5,7.2,AU,1702647349
34,vilyuchinsk,52.9306,158.4028,268.3,74,57,9.15,RU,1702647597
35,lebu,-37.6167,-73.65,287.86,62,56,4.48,CL,1702647598
36,vorkuta,67.5,64.0,247.1,100,88,1.68,RU,1702647599
37,valparaiso,-33.0393,-71.6273,291.75,67,75,4.63,CL,1702647600
38,basco,20.4487,121.9702,299.64,79,97,8.2,PH,1702647600
39,wenchang,30.904,118.4887,273.53,96,100,5.24,CN,1702647601
40,avarua,-21.2078,-159.775,297.18,88,100,2.06,CK,1702647602
41,angaur state,6.906,134.13,299.86,85,100,8.97,PW,1702647603
42,adamstown,-25.066,-130.1015,295.88,76,9,7.75,PN,1702647604
43,mili,6.0815,171.735,300.21,86,100,7.1,MH,1702647605
44,bethel,41.3712,-73.414,277.35,68,100,0.89,US,1702647606
45,longyearbyen,78.2186,15.6401,275.06,69,40,5.14,SJ,1702647607
46,kargasok,59.0556,80.8572,259.24,88,100,3.13,RU,1702647609
47,mishkino,55.3389,63.9175,253.93,81,25,2.14,RU,1702647610
48,hamilton,39.1834,-84.5333,275.92,66,0,0.0,US,1702647575
49,yanchep,-31.55,115.6833,295.94,63,77,5.16,AU,1702647612
50,port alfred,-33.5906,26.891,294.36,71,53,2.24,ZA,1702647613
51,pyapon,16.2833,95.6833,298.83,65,2,1.74,MM,1702647614
52,praia da vitoria,38.7333,-27.0667,292.29,94,40,9.32,PT,1702647615
53,flying fish cove,-10.4217,105.6791,297.97,78,40,2.06,CX,1702647617
54,al khaburah,23.9886,57.0984,297.66,46,0,2.57,OM,1702647617
55,tabuk,17.4189,121.4443,296.65,89,21,0.8,PH,1702647618
56,port mathurin,-19.6833,63.4167,299.65,75,12,6.07,MU,1702647619
57,sideropolis,-28.5978,-49.4244,304.83,59,11,2.03,BR,1702647621
58,papatowai,-46.5619,169.4708,283.85,87,89,2.61,NZ,1702647622
59,san jose de jachal,-30.2406,-68.7469,300.13,40,0,3.66,AR,1702647623
60,al jawf,29.5,38.75,290.37,35,0,2.65,SA,1702647625
61,egilsstadir,65.2653,-14.3948,278.1,70,75,9.26,IS,1702647626
62,puerto ayora,-0.7393,-90.3518,297.87,84,89,4.76,EC,1702647627
63,san patricio,28.017,-97.5169,291.2,94,89,4.51,US,1702647628
64,west island,-12.1568,96.8225,300.14,78,75,3.09,CC,1702647629
65,chhor,25.5167,69.7667,296.44,23,6,2.91,PK,1702647630
66,hermanus,-34.4187,19.2345,293.95,62,0,8.01,ZA,1702647631
67,georgetown,5.4112,100.3354,300.9,97,40,1.03,MY,1702647490
68,yabassi,4.457,9.9682,309.67,29,54,0.97,CM,1702647633
69,weno,7.4515,151.8468,301.2,81,37,9.53,FM,1702647634
70,phan rang-thap cham,11.5667,108.9833,297.06,89,70,2.68,VN,1702647635
71,san vicente,-26.6167,-54.1333,307.07,33,100,2.96,AR,1702647636
72,betong,5.7743,101.0723,296.33,100,100,0.6,TH,1702647637
73,guiuan,11.0333,125.7247,301.18,80,71,5.66,PH,1702647638
74,betio village,1.358,172.9211,301.17,80,100,6.51,KI,1702647639
75,callao,-12.0667,-77.15,296.33,78,100,3.6,PE,1702647640
76,itaituba,-4.2761,-55.9836,301.24,78,0,2.57,BR,1702647360
77,uturoa,-16.7333,-151.4333,300.51,82,100,8.41,PF,1702647642
78,new norfolk,-42.7826,147.0587,286.87,86,42,1.4,AU,1702647643
79,selfoss,63.9331,-20.9971,276.51,93,100,15.03,IS,1702647644
80,taoudenni,22.6783,-3.9836,299.98,13,6,7.84,ML,1702647645
81,aasiaat,68.7098,-52.8699,250.71,95,48,4.62,GL,1702647646
82,qaqortoq,60.7167,-46.0333,260.26,79,100,3.82,GL,1702647646
83,talnakh,69.4865,88.3972,248.82,99,100,2.6,RU,1702647648
84,ribeira brava,32.65,-17.0667,294.82,59,100,4.2,PT,1702647648
85,luanda,-8.8368,13.2343,304.15,70,20,6.17,AO,1702647649
86,nuuk,64.1835,-51.7216,264.49,48,0,2.57,GL,1702647650
87,durban,-29.8579,31.0292,295.66,78,100,6.19,ZA,1702647568
88,latakia,35.5148,35.7768,294.25,69,98,1.53,SY,1702647652
89,invercargill,-46.4,168.35,284.6,83,94,1.3,NZ,1702647652
90,hadibu,12.65,54.0333,298.67,66,6,8.45,YE,1702647653
91,lihue,21.9789,-159.3672,294.92,62,100,10.8,US,1702647654
92,elliot lake,46.3834,-82.6331,274.78,77,90,4.04,CA,1702647654
93,ponta delgada,37.7333,-25.6667,291.59,94,75,7.72,PT,1702647655
94,tiksi,71.6872,128.8694,254.87,100,100,4.61,RU,1702647656
95,paredon,16.0333,-93.8667,299.95,65,80,5.81,MX,1702647656
96,enewetak,11.3474,162.3373,300.32,80,88,9.12,MH,1702647657
97,velikiy ustyug,60.7644,46.3106,262.26,94,100,3.58,RU,1702647658
98,merizo village,13.2658,144.6691,301.0,91,34,8.39,GU,1702647658
99,palikir - national government center,6.9248,158.1611,300.56,78,100,3.09,FM,1702647659
100,ashland,40.8167,-82.2665,276.05,89,0,2.46,US,1702647660
101,yeppoon,-23.1333,150.7333,298.03,85,92,2.57,AU,1702647660
102,kupino,54.3663,77.2981,250.31,82,72,3.48,RU,1702647661
103,lucea,18.451,-78.1736,298.63,72,6,10.42,JM,1702647662
104,ola,59.5833,151.2833,261.01,68,100,5.89,RU,1702647663
105,iskateley,67.6803,53.1512,252.6,98,73,4.02,RU,1702647664
106,greymouth,-42.4667,171.2,287.89,98,100,1.75,NZ,1702647665
107,sitka,57.0531,-135.33,275.09,87,100,3.09,US,1702647385
108,guarapuava,-25.3953,-51.4581,303.55,34,11,2.05,BR,1702647667
109,st. john's,47.5649,-52.7093,271.47,71,20,5.14,CA,1702647597
110,walvis bay,-22.9575,14.5053,292.64,60,91,7.43,NA,1702647668
111,westport,41.1415,-73.3579,278.81,66,0,4.02,US,1702647669
112,bairnsdale,-37.8333,147.6167,288.74,89,61,0.45,AU,1702647670
113,puerto natales,-51.7236,-72.4875,283.4,62,75,6.69,CL,1702647401
114,waitangi,-43.9535,-176.5597,286.94,89,100,2.68,NZ,1702647672
115,isafjordur,66.0755,-23.124,273.17,100,100,1.54,IS,1702647673
116,point pedro,9.8167,80.2333,299.74,84,85,5.56,LK,1702647674
117,fort mcmurray,56.7268,-111.381,264.88,79,0,0.51,CA,1702647615
118,sun city west,33.662,-112.3413,286.08,48,0,3.09,US,1702647675
119,fale old settlement,-9.3852,-171.2468,301.19,77,100,2.68,TK,1702647677
120,yarmouth,41.7057,-70.2286,280.38,71,0,5.14,US,1702647678
121,afaahiti,-17.75,-149.2833,300.08,85,97,8.83,PF,1702647679
122,cabo san lucas,22.8909,-109.9124,294.13,81,0,4.63,MX,1702647680
123,pisco,-13.7,-76.2167,294.18,83,100,3.6,PE,1702647681
124,vorgashor,67.5833,63.95,247.09,100,93,1.85,RU,1702647682
125,isangel,-19.55,169.2667,296.56,82,11,4.21,VU,1702647683
126,muroto-misakicho,33.2833,134.15,294.13,87,11,10.45,JP,1702647684
127,konarka,19.9,86.1167,292.37,53,3,4.18,IN,1702647685
128,at taj,24.2049,23.2857,297.27,17,0,2.62,LY,1702647686
129,kuytun,54.3419,101.5036,249.26,96,100,1.67,RU,1702647688
130,luderitz,-26.6481,15.1594,295.06,58,0,14.44,NA,1702647689
131,baldoyle,53.3958,-6.1285,285.74,84,75,4.63,IE,1702647690
132,ulladulla,-35.35,150.4667,291.35,82,0,2.22,AU,1702647692
133,kodiak,57.79,-152.4072,268.88,86,100,0.0,US,1702647692
134,nacozari de garcia,30.3742,-109.6908,278.21,34,0,3.61,MX,1702647694
135,sao vicente,-23.9631,-46.3919,308.25,54,100,2.57,BR,1702647695
136,montepuez,-13.1256,38.9997,307.94,29,67,3.85,MZ,1702647696
137,tazovsky,67.4667,78.7,242.49,100,74,1.32,RU,1702647697
138,wailua homesteads,22.0669,-159.378,294.59,70,100,10.8,US,1702647698
139,sinabang,2.4803,96.3801,299.57,83,72,1.76,ID,1702647699
140,igrim,63.1906,64.4162,251.24,100,95,0.97,RU,1702647700
141,ban bueng,13.311,101.1121,304.41,58,11,0.82,TH,1702647701
142,hawaiian paradise park,19.5933,-154.9731,291.5,85,61,0.45,US,1702647702
143,totness,5.8833,-56.3167,302.6,68,78,4.59,SR,1702647703
144,canico,32.6333,-16.85,294.82,69,40,7.2,PT,1702647703
145,kingston,17.997,-76.7936,300.51,77,40,1.03,JM,1702647704
146,olonkinbyen,70.9221,-8.7187,274.1,81,100,8.81,SJ,1702647705
147,tenosique,17.4833,-91.4333,295.75,94,92,1.97,MX,1702647706
148,minas de marcona,-15.2119,-75.1103,292.86,68,79,2.34,PE,1702647707
149,tolanaro,-25.0319,46.9987,304.19,66,20,10.8,MG,1702647708
150,susuman,62.7833,148.1667,250.92,97,100,3.13,RU,1702647708
151,valozhyn,54.0909,26.5225,267.5,93,44,3.49,BY,1702647709
152,seven pagodas,12.6264,80.1722,298.18,90,77,5.66,IN,1702647710
153,yemetsk,63.4721,41.7941,263.79,95,100,2.39,RU,1702647711
154,atafu village,-8.5421,-172.5159,300.16,83,100,1.81,TK,1702647712
155,ushuaia,-54.8,-68.3,285.94,66,20,2.57,AR,1702647712
156,villa gesell,-37.2639,-56.973,297.04,78,2,3.02,AR,1702647713
157,novyy rogachik,48.6768,44.0608,267.65,85,100,7.45,RU,1702647714
158,priargunsk,50.3691,119.1012,234.95,100,81,1.06,RU,1702647714
159,laojunmiao,39.8333,97.7333,259.79,28,0,1.06,CN,1702647715
160,borkum,53.5809,6.6915,282.55,88,95,7.46,DE,1702647716
161,hammerfest,70.6634,23.6821,267.4,68,0,7.72,NO,1702647717
162,havre,49.5833,0.3333,283.37,62,100,2.57,FR,1702647717
163,napier,-39.4833,176.9167,288.13,72,16,2.08,NZ,1702647718
164,peabiru,-23.9128,-52.3431,305.67,37,12,3.39,BR,1702647719
165,tsiombe,-25.3,45.4833,306.09,46,24,4.94,MG,1702647719
166,jimma,7.6667,36.8333,294.3,71,100,0.96,ET,1702647720
167,keokuk,40.3973,-91.3849,280.42,60,0,2.57,US,1702647721
168,nkhata bay,-11.6066,34.2907,304.75,44,2,1.94,MW,1702647722
169,malango,-2.9627,119.9001,294.01,97,100,1.07,ID,1702647722
170,howrah,22.5892,88.3103,293.15,60,20,2.06,IN,1702647724
171,la asuncion,11.0333,-63.8628,300.45,76,92,4.89,VE,1702647725
172,glace bay,46.1969,-59.957,272.47,79,40,6.17,CA,1702647726
173,papao,-17.75,-149.55,300.97,80,100,9.1,PF,1702647727
174,manaure,11.7751,-72.4445,301.41,68,100,6.2,CO,1702647729
175,acarau,-2.8856,-40.12,305.34,52,56,7.24,BR,1702647730
176,gornopravdinsk,60.05,69.9,258.55,99,100,1.56,RU,1702647731
177,khovd,48.0056,91.6419,252.28,93,6,0.24,MN,1702647732
178,utrik,11.2278,169.8474,300.67,74,100,6.26,MH,1702647733
179,mankera,31.3866,71.4407,291.55,23,0,2.51,PK,1702647733
180,hastings,50.8552,0.5729,283.44,73,89,3.5,GB,1702647734
181,manggar,-2.8833,108.2667,301.48,75,99,1.54,ID,1702647735
182,motueka,-41.1333,173.0167,290.15,87,93,0.35,NZ,1702647736
183,pogradec,40.9025,20.6525,277.15,99,100,3.51,AL,1702647737
184,lichtenburg,-26.152,26.1597,295.65,53,100,8.95,ZA,1702647738
185,north bend,43.4065,-124.2243,282.08,81,0,4.12,US,1702647722
186,margaret river,-33.95,115.0667,288.63,72,46,6.56,AU,1702647740
187,tura,25.5198,90.2201,288.08,80,0,1.69,IN,1702647741
188,summerside,46.3959,-63.7876,276.08,69,9,8.23,CA,1702647742
189,saint-philippe,-21.3585,55.7679,302.92,82,48,4.47,RE,1702647742
190,ust-nera,64.5667,143.2,242.45,100,49,3.31,RU,1702647743
191,labrador city,52.9463,-66.9114,270.1,86,75,6.17,CA,1702647744
192,mount gambier,-37.8333,140.7667,282.76,86,51,2.91,AU,1702647721
193,port douglas,-16.4833,145.4667,299.06,89,100,5.52,AU,1702647746
194,sault ste. marie,46.5168,-84.3333,276.46,77,40,5.14,CA,1702647530
195,kargil,34.5667,76.1,269.78,42,0,2.07,IN,1702647749
196,miringa,10.7312,12.1463,304.13,17,13,3.59,NG,1702647750
197,labytnangi,66.6572,66.4183,245.49,98,31,1.15,RU,1702647751
198,karystos,38.0133,24.4161,293.71,82,37,4.41,GR,1702647751
199,emerald,-23.5333,148.1667,298.34,74,95,4.73,AU,1702647752
200,dryden,49.7833,-92.7503,269.31,100,100,2.57,CA,1702647753
201,ujae,8.9322,165.7642,300.71,78,97,8.21,MH,1702647753
202,thunder bay,48.4001,-89.3168,278.14,93,100,3.6,CA,1702647684
203,kolonia,50.9333,6.95,282.53,86,75,1.54,DE,1702647755
204,rawson,-43.3002,-65.1023,297.38,22,36,9.07,AR,1702647646
205,narasapur,16.45,81.6667,296.71,78,75,3.39,IN,1702647757
206,mossel bay,-34.1831,22.146,295.11,70,1,5.73,ZA,1702647758
207,shenjiamen,29.9576,122.298,280.85,84,100,12.61,CN,1702647758
208,nuku'alofa,-21.1333,-175.2,298.34,94,40,5.14,TO,1702647759
209,carnarvon,-24.8667,113.6333,298.53,66,2,6.67,AU,1702647760
210,okhotsk,59.3833,143.3,253.12,86,98,7.82,RU,1702647761
211,songea,-10.6833,35.65,301.8,42,66,3.65,TZ,1702647762
212,lionel town,17.8101,-77.2406,300.09,74,4,2.81,JM,1702647762
213,daru,-9.0763,143.2092,299.44,88,100,2.67,PG,1702647763
214,kittila,67.6647,24.8936,264.23,86,100,3.6,FI,1702647764
215,kupang,-10.1667,123.5833,302.47,84,75,3.09,ID,1702647764
216,constantia,44.1833,28.65,277.53,68,100,7.21,RO,1702647765
217,domna,51.8971,113.1573,237.24,68,36,1.0,RU,1702647766
218,puerto lempira,15.2667,-83.7667,298.23,88,20,2.06,HN,1702647767
219,lethem,3.3803,-59.7968,306.28,47,66,6.02,GY,1702647768
220,yuzhno-kurilsk,44.0306,145.8556,270.58,69,100,0.67,RU,1702647769
221,hillsboro,45.5229,-122.9898,280.84,82,97,0.0,US,1702647544
222,rabo de peixe,37.8,-25.5833,291.88,99,75,7.2,PT,1702647770
223,madang,-5.2246,145.7966,298.27,87,100,1.12,PG,1702647771
224,thompson,55.7435,-97.8558,261.24,61,0,3.09,CA,1702647771
225,tocopilla,-22.092,-70.1979,295.15,66,8,1.62,CL,1702647773
226,rio preto da eva,-2.6994,-59.6997,299.24,88,100,1.26,BR,1702647773
227,khash,28.2211,61.2158,286.59,48,8,3.62,IR,1702647774
228,meadow lake,34.8014,-106.5436,276.55,81,60,2.38,US,1702647775
229,bayganin,48.6947,55.8742,265.62,49,100,6.25,KZ,1702647776
230,kuching,1.55,110.3333,301.27,78,20,0.0,MY,1702647776
231,ancud,-41.8697,-73.8203,285.84,81,100,10.34,CL,1702647777
232,fort bragg,35.139,-79.006,276.38,78,0,1.54,US,1702647777
233,la'ie,21.6477,-157.9253,297.13,61,78,9.53,US,1702647778
234,saudarkrokur,65.7461,-19.6394,275.74,96,100,8.88,IS,1702647779
235,copala,16.65,-98.9833,298.7,65,64,1.55,MX,1702647779
236,guerrero negro,27.9769,-114.0611,287.23,47,0,0.65,MX,1702647488
237,hassi messaoud,31.6804,6.0729,290.07,36,0,4.12,DZ,1702647781
238,oeiras do para,-2.0031,-49.8544,306.89,45,75,2.91,BR,1702647781
239,arkhara,49.4212,130.0842,244.13,98,46,1.79,RU,1702647782
240,nhamunda,-2.1861,-56.7131,306.18,45,99,2.72,BR,1702647783
241,gunnison,38.7,-107.0673,258.62,92,42,1.6,US,1702647783
242,karratha,-20.7377,116.8463,299.42,72,6,6.14,AU,1702647784
243,mumford,5.2618,-0.759,303.08,52,80,4.87,GH,1702647785
244,yelizovo,53.1873,158.3805,268.23,57,20,2.0,RU,1702647786
245,whitehorse,60.7161,-135.0538,268.58,68,20,1.54,CA,1702647787
246,natal,-5.795,-35.2094,300.51,83,75,6.69,BR,1702647788
247,margate,51.3813,1.3862,282.54,72,98,1.79,GB,1702647714
248,bardai,11.65,7.2333,303.07,16,1,5.95,NG,1702647790
249,nadi,-17.8,177.4167,296.15,88,20,2.06,FJ,1702647596
250,chonchi,-42.6128,-73.8092,284.88,97,100,4.17,CL,1702647791
251,chilca,-12.5211,-76.7372,293.53,83,92,2.09,PE,1702647792
252,katsuura,35.1333,140.3,293.74,85,100,14.83,JP,1702647793
253,severo-yeniseyskiy,60.3725,93.0408,249.96,99,100,1.26,RU,1702647793
254,harper,4.375,-7.7169,303.63,60,35,6.01,LR,1702647795
255,stanley,54.868,-1.6985,280.25,83,20,1.54,GB,1702647796
256,mbouda,5.6258,10.2552,300.81,27,41,2.51,CM,1702647796
257,ciudad lazaro cardenas,17.9583,-102.2,298.02,57,89,1.57,MX,1702647797
258,pulaski,34.7668,-92.3001,281.49,76,20,2.68,US,1702647798
259,suva,-18.1416,178.4415,298.86,89,40,4.12,FJ,1702647800
260,kavieng,-2.5744,150.7967,301.06,82,57,3.64,PG,1702647801
261,gaiman,-43.2897,-65.4929,297.83,18,61,9.95,AR,1702647802
262,jutai,-5.1833,-68.9,297.17,98,100,0.6,BR,1702647803
263,alvinopolis,-20.1067,-43.0489,300.44,57,67,3.62,BR,1702647804
264,lompoc,34.6391,-120.4579,289.14,82,0,4.12,US,1702647805
265,silifke,36.3778,33.9344,289.94,79,100,2.28,TR,1702647806
266,neyriz,29.1988,54.3278,282.92,38,0,3.11,IR,1702647807
267,ulaangom,49.9811,92.0667,242.45,92,78,1.58,MN,1702647808
268,berdigestyakh,62.0989,126.6992,246.23,95,100,4.12,RU,1702647808
269,amorebieta,43.2167,-2.7333,287.0,80,75,3.09,ES,1702647810
270,tazacorte,28.629,-17.9293,294.34,76,75,3.6,ES,1702647812
271,warrnambool,-38.3833,142.4833,284.63,76,100,5.86,AU,1702647812
272,bamboo flat,11.7,92.7167,302.2,79,40,3.6,IN,1702647813
273,saint-valery-en-caux,49.8667,0.7333,283.57,72,16,3.55,FR,1702647814
274,sultanah,24.4926,39.5857,298.4,19,0,5.66,SA,1702647815
275,usogorsk,63.4106,48.6872,261.3,95,100,3.74,RU,1702647815
276,gilgit,35.9221,74.3087,278.51,39,96,0.43,PK,1702647816
277,nishinoomote,30.7333,131.0,294.55,88,3,11.95,JP,1702647817
278,laguna,38.421,-121.4238,286.49,94,0,0.0,US,1702647818
279,haizhou,34.5817,119.1289,270.67,75,100,6.23,CN,1702647819
280,boende,-0.2167,20.8667,306.82,32,84,1.73,CD,1702647819
281,kalamata,37.0389,22.1142,293.21,69,75,3.6,GR,1702647821
282,genhe,50.7833,121.5167,238.26,100,97,0.65,CN,1702647823
283,zyryanskoye,56.8306,86.6258,253.64,86,100,5.01,RU,1702647823
284,nadym,65.5333,72.5167,241.35,100,85,1.74,RU,1702647824
285,digapahandi,19.3667,84.5833,293.08,70,1,1.28,IN,1702647825
286,crane,31.3974,-102.3501,281.84,86,40,3.53,US,1702647826
287,siwa oasis,29.2041,25.5195,295.85,33,100,2.96,EG,1702647827
288,zaraza,9.3503,-65.3245,303.55,54,97,2.81,VE,1702647828
289,as suwayq,23.8494,57.4386,297.09,47,0,2.58,OM,1702647829
290,tandalti,13.0167,31.8667,304.52,17,93,4.19,SD,1702647830
291,san julian,21.0167,-102.1667,283.78,86,79,0.74,MX,1702647830
292,salair,54.2312,85.7972,250.62,90,75,3.21,RU,1702647831
293,inhambane,-23.865,35.3833,302.14,89,40,7.2,MZ,1702647832
294,bontang,0.1333,117.5,300.83,83,93,3.44,ID,1702647832
295,lysekil,58.2743,11.4358,278.72,86,100,11.07,SE,1702647833
296,izluchinsk,60.9794,76.9242,253.16,97,98,3.19,RU,1702647833
297,vila velha,-20.3297,-40.2925,304.12,51,40,4.63,BR,1702647834
298,kone,-21.0595,164.8658,297.29,74,85,1.71,NC,1702647835
299,hailey,43.5196,-114.3153,268.07,86,0,2.57,US,1702647836
300,tangalle,6.024,80.7911,298.24,89,100,4.68,LK,1702647836
301,sinop,41.7711,34.8709,284.67,60,100,1.81,TR,1702647837
302,rosetta,31.4044,30.4164,294.38,64,94,4.5,EG,1702647838
303,manicore,-5.8092,-61.3003,303.82,65,100,1.59,BR,1702647838
304,la mira,18.035,-102.3266,297.85,56,90,1.55,MX,1702647839
305,kutum,14.2,24.6667,297.08,11,27,5.15,SD,1702647840
306,bubaque,11.2833,-15.8333,300.3,37,73,0.25,GW,1702647840
307,palmer,42.1584,-72.3287,277.09,61,40,6.17,US,1702647841
308,labuan,5.2767,115.2417,299.35,94,40,0.0,MY,1702647842
309,malvan,16.0667,73.4667,299.31,64,0,3.86,IN,1702647843
310,tahmoor,-34.2167,150.5833,293.78,85,39,0.72,AU,1702647844
311,hasaki,35.7333,140.8333,293.37,80,100,14.16,JP,1702647846
312,woolgoolga,-30.1106,153.2007,294.28,89,98,3.44,AU,1702647847
313,vorotynsk,54.4283,36.0465,266.12,97,82,3.58,RU,1702647849
314,esfarayen,37.0765,57.5101,272.96,74,86,1.74,IR,1702647851
315,hinganghat,20.5667,78.8333,294.22,50,0,2.22,IN,1702647852
316,larreynaga,12.6769,-86.5719,299.06,67,0,1.01,NI,1702647854
317,necochea,-38.5473,-58.7368,297.64,64,35,2.68,AR,1702647855
318,khandyga,62.6667,135.6,234.79,99,100,0.86,RU,1702647855
319,san antonio de pale,-1.4014,5.6325,300.36,77,85,2.23,GQ,1702647856
320,lezhe,41.7836,19.6436,286.33,55,100,7.8,AL,1702647857
321,fort drum,44.0584,-75.7619,279.75,79,0,7.2,US,1702647858
322,prieska,-29.6641,22.7474,306.54,11,2,5.93,ZA,1702647858
323,sao jose da coroa grande,-8.8978,-35.1478,301.35,68,96,6.14,BR,1702647859
324,inari,68.906,27.0288,265.26,98,74,2.46,FI,1702647860
325,veraval,20.9,70.3667,297.95,69,0,1.06,IN,1702647861
326,undurkhaan,47.3194,110.6556,242.16,91,2,1.21,MN,1702647862
327,al bawiti,28.3492,28.8659,295.55,34,0,2.0,EG,1702647862
328,sarandi del yi,-33.35,-55.6333,301.94,68,100,5.07,UY,1702647864
329,nemuro,43.3236,145.575,271.26,74,100,0.49,JP,1702647864
330,masterton,-40.9597,175.6575,287.53,82,84,3.43,NZ,1702647865
331,remire-montjoly,4.9167,-52.2667,300.17,89,75,6.17,GF,1702647866
332,berezovyy,51.6667,135.7,247.22,76,1,1.63,RU,1702647867
333,codrington,-38.2667,141.9667,282.2,85,67,4.44,AU,1702647867
334,torbat-e heydariyeh,35.274,59.2195,278.34,66,83,3.7,IR,1702647868
335,ketchikan,55.3422,-131.6461,281.14,70,100,8.23,US,1702647869
336,constitucion,-35.3333,-72.4167,289.0,55,31,1.95,CL,1702647870
337,katsuren-haebaru,26.3369,127.8719,296.16,83,20,2.06,JP,1702647871
338,ta`u,-14.2336,-169.5144,299.9,86,96,7.59,AS,1702647872
339,waingapu,-9.6567,120.2641,300.15,74,87,3.92,ID,1702647873
340,sabha,27.0377,14.4283,293.63,30,0,7.72,LY,1702647874
341,gorontalo,0.5412,123.0595,297.52,95,95,1.72,ID,1702647874
342,lospalos,-8.5186,127.0025,296.08,92,100,1.85,TL,1702647875
343,susanville,40.4163,-120.653,267.06,93,0,1.54,US,1702647876
344,weston,26.1004,-80.3998,296.48,66,100,9.26,US,1702647623
345,kindu,-2.95,25.95,299.57,82,81,1.64,CD,1702647878
346,asha,54.9973,57.2722,258.81,92,18,1.79,RU,1702647880
347,hotan,37.0997,79.9269,268.23,44,7,1.6,CN,1702647881
348,port lincoln,-34.7333,135.8667,287.54,70,9,5.04,AU,1702647882
349,nizhniy lomov,53.5304,43.6766,266.09,94,100,8.05,RU,1702647883
350,east london,-33.0153,27.9116,291.67,94,100,2.06,ZA,1702647884
351,sayat,38.7839,63.8803,274.08,41,100,4.21,TM,1702647885
352,kill devil hills,36.0307,-75.676,279.81,79,0,0.0,US,1702647886
353,bousso,10.4795,16.7117,307.5,13,100,2.48,TD,1702647886
354,kidal,18.4411,1.4078,301.8,7,43,5.06,ML,1702647887
355,deland,29.0283,-81.3031,293.23,69,40,5.66,US,1702647888
356,ebon,4.582,168.6964,300.12,82,100,3.49,MH,1702647889
357,niimi,34.9833,133.4667,286.23,96,100,2.08,JP,1702647889
358,punta arenas,-53.15,-70.9167,285.21,58,75,4.12,CL,1702647890
359,ilek,51.5271,53.3831,264.91,49,14,5.57,RU,1702647890
360,lundazi,-12.2929,33.1782,305.08,26,24,7.06,ZM,1702647891
361,florida,28.7505,-82.5001,290.97,81,100,7.57,US,1702647892
362,sovetskaya gavan',48.9723,140.2878,253.21,75,13,3.34,RU,1702647892
363,kapa'a,22.0752,-159.319,295.33,70,100,10.8,US,1702647893
364,irymple,-34.25,142.1667,291.53,50,0,0.45,AU,1702647894
365,usinsk,65.9939,57.5281,255.97,97,99,4.02,RU,1702647894
366,sassandra,4.95,-6.0833,303.34,58,2,4.64,CI,1702647895
367,douz,33.4663,9.0203,290.66,34,0,4.36,TN,1702647895
368,tanumah,27.1,44.1333,290.19,25,0,2.71,SA,1702647896
369,lesnikovo,55.2822,65.3175,253.59,84,90,1.93,RU,1702647897
370,betare oya,5.6,14.0833,307.21,18,97,2.36,CM,1702647897
371,colonia,50.9333,6.95,282.53,86,75,1.54,DE,1702647898
372,atbasar,51.8,68.3333,255.07,76,19,3.83,KZ,1702647899
373,juneau,58.3019,-134.4197,274.15,95,100,0.0,US,1702647794
374,kudymkar,59.0173,54.656,261.59,83,100,3.17,RU,1702647900
375,gadzhiyevo,69.2551,33.3362,259.14,97,62,5.21,RU,1702647901
376,ngama,11.7833,17.1667,306.82,11,100,3.95,TD,1702647902
377,palu,-0.8917,119.8707,298.23,94,100,0.62,ID,1702647903
378,klyuchi,52.2667,79.1667,252.54,84,6,0.67,RU,1702647904
379,alice springs,-23.7,133.8833,299.9,22,65,2.06,AU,1702647905
380,nova sintra,14.8667,-24.7167,295.66,73,100,4.12,CV,1702647906
381,arkhangel'sk,64.5401,40.5433,261.21,92,100,4.0,RU,1702647907
382,gantang,26.92,119.6333,290.61,93,91,2.18,CN,1702647908
383,kruisfontein,-34.0033,24.7314,292.53,63,72,6.94,ZA,1702647909
384,ashibetsu,43.5097,142.1856,270.13,93,100,0.76,JP,1702647910
385,chiredzi,-21.05,31.6667,306.94,41,29,4.91,ZW,1702647911
386,kabompo,-13.5927,24.2008,301.22,55,93,2.61,ZM,1702647912
387,mukalla,14.5425,49.1242,300.0,44,7,2.14,YE,1702647912
388,maragogi,-9.0122,-35.2225,301.41,67,97,6.23,BR,1702647913
389,kosh-agach,50.0,88.6667,244.43,93,44,0.89,RU,1702647914
390,dunedin,-45.8742,170.5036,285.82,89,84,4.47,NZ,1702647915
391,hilo,19.7297,-155.09,293.86,82,100,4.12,US,1702647672
392,praia,14.9215,-23.5087,301.45,57,94,8.23,CV,1702647917
393,dudinka,69.4058,86.1778,249.08,94,100,8.05,RU,1702647918
394,progreso,21.2833,-89.6667,296.54,84,100,4.03,MX,1702647918
395,polyarnyy,69.1989,33.4478,260.19,95,51,5.3,RU,1702647919
396,puerto lleras,3.0223,-73.4044,300.25,71,100,1.55,CO,1702647920
397,port shepstone,-30.7414,30.455,294.67,80,100,4.78,ZA,1702647921
398,coahuayana de hidalgo,18.7,-103.6583,297.11,56,90,1.71,MX,1702647922
399,san jose,37.3394,-121.895,285.87,75,0,1.54,US,1702647882
400,tokar,18.4254,37.729,301.15,52,12,7.05,SD,1702647923
401,port augusta,-32.5,137.7667,291.1,68,6,6.42,AU,1702647924
402,lazaro cardenas,17.9583,-102.2,298.02,57,89,1.57,MX,1702647925
403,tosontsengel,48.7567,98.2839,243.81,100,100,1.13,MN,1702647926
404,ust'-barguzin,53.45,108.9833,253.49,99,100,0.99,RU,1702647927
405,rey bouba,8.6724,14.1786,309.37,13,100,1.6,CM,1702647927
406,maceio,-9.6658,-35.7353,302.84,70,75,7.2,BR,1702647929
407,northam,51.0333,-4.2167,284.48,81,54,4.13,GB,1702647930
408,tofol,5.3248,163.0078,301.16,80,100,9.54,FM,1702647931
409,bayanhongor,46.7167,100.1167,241.52,81,1,1.84,MN,1702647932
410,la passe,45.5549,-0.8967,285.28,78,8,2.1,FR,1702647933
411,international falls,48.6011,-93.411,274.34,93,100,1.54,US,1702647933
412,puerto carreno,6.189,-67.4859,299.14,89,40,2.06,CO,1702647934
413,sao felix do xingu,-6.6447,-51.995,306.7,46,52,1.67,BR,1702647935
414,solleftea,63.1667,17.2667,259.07,98,95,1.15,SE,1702647936
415,bafoulabe,13.8065,-10.8321,307.13,8,57,3.63,ML,1702647937
416,tonghae,37.5439,129.1069,277.2,91,100,1.51,KR,1702647939
417,maymana,35.9214,64.7836,274.67,99,100,1.54,AF,1702647940
418,blagodatnoye,45.3997,42.5867,280.66,72,100,4.47,RU,1702647941
419,manokwari,-0.8667,134.0833,300.3,82,88,5.86,ID,1702647942
420,punta del este,-34.9667,-54.95,298.69,88,100,2.06,UY,1702647943
421,bodo,67.28,14.405,271.18,84,100,10.29,NO,1702647859
422,saint-joseph,-21.3667,55.6167,302.36,81,36,3.93,RE,1702647944
423,lorengau,-2.0226,147.2712,300.77,80,51,1.17,PG,1702647945
424,chipiona,36.7366,-6.437,291.25,48,0,3.6,ES,1702647946
425,arraial do cabo,-22.9661,-42.0278,304.13,62,0,8.75,BR,1702647687
426,duong dong,10.2167,103.9667,298.15,94,20,1.03,VN,1702647947
427,odienne,9.51,-7.5692,307.06,13,0,2.74,CI,1702647948
428,saint-pierre,-21.3393,55.4781,302.97,66,29,5.14,RE,1702647949
429,garhi khairo,28.0606,67.9803,293.54,22,1,2.95,PK,1702647950
430,peace river,56.2501,-117.286,266.32,86,40,4.12,CA,1702647951
431,bikenibeu village,1.3673,173.1241,301.13,89,75,3.6,KI,1702647952
432,al hufuf,25.3646,49.5653,293.34,26,0,9.77,SA,1702647952
433,waddan,29.1614,16.139,292.48,47,1,7.61,LY,1702647953
434,la ronge,55.1001,-105.2842,265.29,79,20,1.03,CA,1702647954
435,chhaprauli,29.2167,77.1833,290.03,22,100,2.2,IN,1702647954
436,shache,38.4167,77.2406,268.55,39,100,1.52,CN,1702647955
437,puerto baquerizo moreno,-0.9,-89.6,297.38,86,60,5.95,EC,1702647956
438,kailua-kona,19.6406,-155.9956,295.65,86,100,7.2,US,1702647956
439,lyubinskiy,55.1542,72.6925,252.41,78,100,3.34,RU,1702647957
440,kasempa,-13.4584,25.8338,300.14,60,100,0.05,ZM,1702647958
441,canete,-37.8,-73.4,290.25,48,1,3.07,CL,1702647958
442,aras-asan,8.8908,126.3033,299.02,87,50,2.09,PH,1702647959
443,happy valley-goose bay,53.3168,-60.3315,269.32,74,100,11.32,CA,1702647960
444,izberbash,42.5696,47.8645,278.2,82,76,4.36,RU,1702647960
445,falmouth,50.1544,-5.0711,284.47,83,75,4.63,GB,1702647885
446,rock springs,41.5875,-109.2029,267.84,86,0,5.66,US,1702647962
447,eyl,7.9803,49.8164,301.25,55,95,13.04,SO,1702647963
448,pandan,14.0453,124.1694,299.72,85,100,4.64,PH,1702647964
449,saint-francois,46.4154,3.9054,280.84,88,100,4.63,FR,1702647965
450,tweed heads,-28.1817,153.547,296.46,88,100,0.0,AU,1702647966
451,goundi,9.3627,17.366,308.68,12,78,2.14,TD,1702647967
452,kawalu,-7.3817,108.2082,296.09,82,66,0.71,ID,1702647968
453,manda,-10.4667,34.5833,303.16,60,79,1.8,TZ,1702647969
454,buurhakaba,2.8026,44.0781,307.25,27,53,5.64,SO,1702647970
455,fuerte olimpo,-21.0415,-57.8738,312.49,27,100,4.78,PY,1702647971
456,mount isa,-20.7333,139.5,307.02,33,100,3.6,AU,1702647972
457,siddapur,14.3333,74.8833,295.53,64,100,1.05,IN,1702647973
458,inirida,3.8653,-67.9239,297.73,97,100,1.14,CO,1702647974
459,broome,42.2506,-75.833,276.86,77,0,4.12,US,1702647975
460,debre werk',10.6667,38.1667,292.06,50,85,0.84,ET,1702647976
461,bathurst,-33.4166,149.5806,291.94,67,0,0.54,AU,1702647977
462,cill airne,52.05,-9.5167,286.18,82,20,7.2,IE,1702647977
463,zahedan,29.4963,60.8629,284.71,49,74,6.46,IR,1702647978
464,taroa,8.7058,171.2275,300.45,82,50,8.45,MH,1702647979
465,nar'yan-mar,67.6713,53.087,252.65,98,73,4.02,RU,1702647980
466,blenheim,-41.516,173.9528,291.22,80,100,1.34,NZ,1702647981
467,shimoda,34.6667,138.95,292.65,90,97,13.08,JP,1702647981
468,newnham,-41.3833,147.1333,283.88,71,3,5.66,AU,1702647982
469,al wakrah,24.85,51.3333,295.2,55,1,7.15,QA,1702647983
470,lerwick,60.1545,-1.1494,282.15,84,100,10.52,GB,1702647983
471,kamen'-rybolov,44.7481,132.0403,256.88,68,100,4.3,RU,1702647984
472,semnan,35.5729,53.3971,280.87,60,2,0.76,IR,1702647985
473,fisterra,42.9049,-9.2629,287.45,73,5,4.88,ES,1702647986
474,hami,42.8,93.45,260.45,60,0,1.92,CN,1702647986
475,mons-en-baroeul,50.6333,3.1167,284.21,71,0,2.57,FR,1702647987
476,vila franca do campo,37.7167,-25.4333,292.38,99,96,7.48,PT,1702647964
477,samfya,-11.3649,29.5565,301.2,52,43,2.94,ZM,1702647989
478,qusmuryn,52.4503,64.6311,259.42,79,100,2.73,KZ,1702647990
479,iquique,-20.2208,-70.1431,295.17,69,100,2.18,CL,1702647854
480,kaa-khem,51.6833,94.7333,247.66,99,100,0.63,RU,1702647991
481,argo,37.6333,22.7333,291.36,65,100,1.83,GR,1702647992
482,vilyuysk,63.7553,121.6247,245.93,95,100,4.02,RU,1702647993
483,itamaraca,-7.7478,-34.8256,301.18,70,100,6.84,BR,1702647993
484,coquimbo,-29.9533,-71.3436,288.0,88,100,4.12,CL,1702647994
485,thouars,46.976,-0.2151,282.75,76,18,2.88,FR,1702647995
486,palo santo,-25.5633,-59.3378,308.61,43,100,4.77,AR,1702647996
487,sittwe,20.15,92.9,295.05,66,2,5.04,MM,1702647997
488,malabar,-33.9667,151.25,296.0,78,0,4.63,AU,1702647997
489,padangsidempuan,1.3667,99.2667,295.83,99,100,1.05,ID,1702647998
490,phongsali,21.6833,102.1058,286.76,75,97,0.58,LA,1702647999
491,someshwar,13.5,75.0667,297.74,74,100,0.97,IN,1702648000
492,portland,45.5234,-122.6762,281.14,77,20,7.15,US,1702647998
493,nurota,40.5614,65.6886,276.31,44,100,3.47,UZ,1702648001
494,ambon,-3.6954,128.1814,300.97,13,40,2.06,ID,1702648002
495,aykhal,66.0,111.5,240.2,100,98,2.63,RU,1702648003
496,gallup,35.5281,-108.7426,266.57,93,0,0.0,US,1702648003
497,igarka,67.4667,86.5833,240.65,100,72,0.8,RU,1702648004
498,holualoa,19.6228,-155.9522,293.58,88,100,7.2,US,1702648005
499,touros,-5.1989,-35.4608,303.23,64,98,7.27,BR,1702648005
500,ngereklmadel,7.4883,134.4856,298.2,88,100,3.6,PW,1702648006
501,dampit,-8.2116,112.7493,295.78,98,100,0.33,ID,1702648007
502,mwene-ditu,-7.0,23.45,300.04,69,73,1.28,CD,1702648007
503,sheksna,59.21,38.5107,263.13,96,100,1.98,RU,1702648008
504,puerto francisco de orellana,-0.4667,-76.9667,297.18,100,75,1.03,EC,1702648009
505,meadow lakes,61.6247,-149.6011,262.39,86,75,0.0,US,1702648009
506,mamadysh,55.7152,51.408,264.75,93,99,1.9,RU,1702648010
507,beledweyne,4.7358,45.2036,307.81,27,37,5.82,SO,1702648011
508,badger,64.8,-147.5333,241.08,76,20,0.0,US,1702648011
509,conduaga,8.862,117.4893,299.66,82,21,1.25,PH,1702648012
510,las tablas,7.7667,-80.2833,301.58,99,100,6.17,PA,1702648012
511,kalisz,51.7611,18.091,275.02,85,82,5.84,PL,1702648013
512,shangrao,28.4532,117.9686,280.25,89,100,4.08,CN,1702648014
513,dakoro,14.5106,6.765,302.2,13,0,5.1,NE,1702648014
514,tarazona,41.9,-1.7333,286.05,65,48,10.08,ES,1702648015
515,beytussebap,37.5694,43.1681,277.94,59,10,2.82,TR,1702648016
516,gamay,12.3854,125.2979,298.8,91,70,3.3,PH,1702648016
517,shagonar,51.5333,92.8,246.35,92,99,0.96,RU,1702648017
518,coyhaique,-45.5752,-72.0662,283.49,66,100,2.06,CL,1702648018
519,fortuna,40.5982,-124.1573,282.0,77,0,1.79,US,1702648019
520,liaozhong,41.5061,122.7242,259.95,58,100,7.38,CN,1702648019
521,lacin,40.7702,34.8984,283.81,57,100,1.59,TR,1702648020
522,beeville,28.4008,-97.7483,289.61,94,100,4.12,US,1702648021
523,sarupathar,26.1984,93.8094,288.55,90,0,0.78,IN,1702648021
524,la foa,-21.7108,165.8276,296.76,73,23,2.27,NC,1702648022
525,ivdel',60.6911,60.4206,259.92,95,100,0.55,RU,1702648023
526,wenling,28.3669,121.36,282.64,80,100,7.54,CN,1702648024
527,toktogul,41.8708,72.9402,272.32,67,100,0.09,KG,1702648026
528,ts'q'alt'ubo,42.3413,42.5976,288.51,57,100,2.94,GE,1702648026
529,cockburn town,21.4612,-71.1419,298.88,74,7,11.51,TC,1702648027
530,santa terezinha,-29.9002,-50.0904,300.94,74,90,4.34,BR,1702648028
531,rio grande,-32.035,-52.0986,298.21,73,100,2.83,BR,1702647754
532,razumnoye,50.5344,36.6846,266.75,79,53,3.0,RU,1702648030
533,sept-iles,50.2001,-66.3821,274.15,81,100,5.14,CA,1702647782
534,timbiqui,2.7717,-77.6654,296.72,97,100,0.51,CO,1702648032
535,sibay,52.7181,58.6658,257.71,77,53,1.79,RU,1702648032
536,wattegama,6.7989,81.4808,296.39,96,100,2.26,LK,1702648033
537,dalandzadgad,43.5708,104.425,252.18,83,14,3.08,MN,1702648034
538,edson,53.5835,-116.4356,268.21,93,100,0.0,CA,1702647910
539,lubango,-14.9172,13.4925,297.13,54,55,1.26,AO,1702648036
540,aitape,-3.1374,142.3475,299.4,89,100,1.08,PG,1702648037
541,at-bashi,41.1702,75.8106,264.84,77,100,0.45,KG,1702648038
542,as sulayyil,20.4607,45.5779,296.29,25,0,3.44,SA,1702648038
543,arawa,-6.2132,155.5367,299.05,92,96,0.47,PG,1702648039
544,nyamira,-0.6318,34.6443,295.77,77,41,0.8,KE,1702648040
545,emlichheim,52.6167,6.85,282.2,93,100,4.17,DE,1702647763
546,logansport,40.7545,-86.3567,275.2,66,0,0.0,US,1702647864
547,meulaboh,4.1363,96.1285,298.15,91,99,1.53,ID,1702648042
548,wewak,-3.5534,143.6268,299.93,85,100,1.29,PG,1702648043
549,san andres,12.5847,-81.7006,301.16,78,40,4.12,CO,1702648043
550,san juan de miraflores,-12.1629,-76.9635,296.02,79,97,2.57,PE,1702648044
551,riohacha,11.5444,-72.9072,301.21,78,20,2.57,CO,1702648045
552,antofagasta,-23.65,-70.4,293.75,64,27,3.24,CL,1702648004
553,loango,-4.6719,11.8312,300.96,89,75,3.6,CG,1702648047
554,gustavsberg,59.3268,18.3898,271.47,92,100,2.46,SE,1702648048
555,kinablangan,7.6947,126.5503,298.72,88,90,2.19,PH,1702648049
556,nan,18.8333,100.6667,294.16,94,0,1.03,TH,1702648049
557,tindouf,27.6711,-8.1474,294.4,30,0,7.2,DZ,1702648050
558,mezhdurechenskiy,59.6,65.9333,261.62,96,100,0.87,RU,1702648051
559,sovetskiy,61.3614,63.5842,257.53,99,100,0.89,RU,1702648052
560,ibshaway,29.358,30.6814,296.74,39,0,1.32,EG,1702648052
561,marsabit,2.3284,37.9899,296.94,54,78,3.86,KE,1702648053
562,sola,-13.8833,167.55,298.76,74,63,5.77,VU,1702648054
563,bestobe,52.4994,73.0975,253.7,82,22,1.92,KZ,1702648055
564,tiquipaya,-17.3382,-66.2189,295.55,45,75,1.54,BO,1702648055
565,bireun,5.203,96.7009,299.2,85,96,0.79,ID,1702648057
566,bich'vinta,43.1592,40.3378,287.25,57,100,2.66,GE,1702648058
567,coronel dorrego,-38.7187,-61.2873,300.22,31,55,3.18,AR,1702648058
568,alto barinas,8.5931,-70.2261,303.66,47,95,2.75,VE,1702648059
569,batticaloa,7.7102,81.6924,299.11,87,100,3.17,LK,1702648060
570,chibougamau,49.9168,-74.3659,272.94,86,100,5.14,CA,1702648060
571,myeik,12.4333,98.6,300.12,77,66,1.99,MM,1702648061
572,pacific grove,36.6177,-121.9166,287.4,65,0,3.09,US,1702648062
573,labe,11.3182,-12.2833,302.06,14,19,2.32,GN,1702647835
574,arteche,12.2645,125.4048,299.08,90,48,3.76,PH,1702648064
575,kasungu,-13.0333,33.4833,306.18,25,1,4.64,MW,1702648064
576,namibe,-15.1961,12.1522,297.94,65,92,3.6,AO,1702648065
577,namtsy,62.7161,129.6658,241.3,97,100,1.85,RU,1702648066
578,port saint john's,-31.6229,29.5448,294.91,73,92,2.53,ZA,1702648066
579,hirara,24.8,125.2833,294.3,94,87,2.06,JP,1702648067
580,sarina,-21.4333,149.2167,298.85,1,100,2.39,AU,1702648068
